<?xml version="1.0" encoding="utf-8"?>
<!DOCTYPE hibernate-mapping PUBLIC "-//Hibernate/Hibernate Mapping DTD 3.0//EN"
"http://www.hibernate.org/dtd/hibernate-mapping-3.0.dtd">
<!-- 
    Mapping file autogenerated by MyEclipse Persistence Tools
-->
<hibernate-mapping>
    <class name="dayoff.dao.Login" table="login" catalog="dayoff">
        <id name="usersname" type="java.lang.String">
            <column name="usersname" length="20" />
            <generator class="assigned" />
        </id>
        <property name="passwords" type="java.lang.String">
            <column name="passwords" not-null="true" />
        </property>
    </class>
</hibernate-mapping>
