<?xml version="1.0" encoding="utf-8"?>
<!DOCTYPE hibernate-mapping PUBLIC "-//Hibernate/Hibernate Mapping DTD 3.0//EN"
"http://www.hibernate.org/dtd/hibernate-mapping-3.0.dtd">
<!-- 
    Mapping file autogenerated by MyEclipse Persistence Tools
-->
<hibernate-mapping>
    <class name="dayoff.dao.Student" table="student" catalog="dayoff">
        <id name="studentId" type="java.lang.String">
            <column name="studentID" length="15" />
            <generator class="assigned" />
        </id>
        <property name="studentName" type="java.lang.String">
            <column name="studentName" length="20" not-null="true" />
        </property>
        <property name="studentSex" type="java.lang.String">
            <column name="studentSex" length="1" not-null="true" />
        </property>
        <property name="offreason" type="java.lang.String">
            <column name="offreason" length="20" not-null="true" />
        </property>
        <property name="days" type="java.lang.Integer">
            <column name="days" not-null="true" />
        </property>
    </class>
</hibernate-mapping>
